/*
SQLyog Community v12.3.3 (64 bit)
MySQL - 10.1.22-MariaDB : Database - medify_hospital_rawat_inap
*********************************************************************
*/

/*!40101 SET NAMES utf8 */;

/*!40101 SET SQL_MODE=''*/;

/*!40014 SET @OLD_UNIQUE_CHECKS=@@UNIQUE_CHECKS, UNIQUE_CHECKS=0 */;
/*!40014 SET @OLD_FOREIGN_KEY_CHECKS=@@FOREIGN_KEY_CHECKS, FOREIGN_KEY_CHECKS=0 */;
/*!40101 SET @OLD_SQL_MODE=@@SQL_MODE, SQL_MODE='NO_AUTO_VALUE_ON_ZERO' */;
/*!40111 SET @OLD_SQL_NOTES=@@SQL_NOTES, SQL_NOTES=0 */;
CREATE DATABASE /*!32312 IF NOT EXISTS*/`medify_hospital_rawat_inap` /*!40100 DEFAULT CHARACTER SET latin1 */;

USE `medify_hospital_rawat_inap`;

/*Table structure for table `bangsal` */

DROP TABLE IF EXISTS `bangsal`;

CREATE TABLE `bangsal` (
  `id` int(11) NOT NULL AUTO_INCREMENT,
  `nama` varchar(256) DEFAULT NULL,
  `created_at` timestamp NOT NULL DEFAULT CURRENT_TIMESTAMP ON UPDATE CURRENT_TIMESTAMP,
  `updated_at` timestamp NOT NULL DEFAULT '0000-00-00 00:00:00',
  PRIMARY KEY (`id`)
) ENGINE=InnoDB AUTO_INCREMENT=11 DEFAULT CHARSET=latin1;

/*Data for the table `bangsal` */

insert  into `bangsal`(`id`,`nama`,`created_at`,`updated_at`) values 
(1,'A1','2018-02-19 09:55:04','0000-00-00 00:00:00'),
(2,'A2','2018-02-19 09:55:05','0000-00-00 00:00:00'),
(3,'B1','2018-02-19 09:55:07','0000-00-00 00:00:00'),
(4,'B2','2018-02-19 09:55:09','0000-00-00 00:00:00'),
(5,'C1','2018-02-19 09:55:12','0000-00-00 00:00:00'),
(6,'C2','2018-02-19 09:55:13','0000-00-00 00:00:00'),
(7,'D1','2018-02-19 09:55:15','0000-00-00 00:00:00'),
(8,'D2','2018-02-19 09:55:16','0000-00-00 00:00:00'),
(9,'Pav 1','2018-02-19 10:29:13','0000-00-00 00:00:00'),
(10,'Pav 2','2018-02-19 10:29:15','0000-00-00 00:00:00');

/*Table structure for table `ruangan` */

DROP TABLE IF EXISTS `ruangan`;

CREATE TABLE `ruangan` (
  `id` int(11) NOT NULL AUTO_INCREMENT,
  `nama` varchar(24) DEFAULT NULL,
  `kelas` varchar(8) DEFAULT NULL,
  `bangsal_id` int(11) DEFAULT NULL,
  `created_at` timestamp NOT NULL DEFAULT CURRENT_TIMESTAMP ON UPDATE CURRENT_TIMESTAMP,
  `updated_at` timestamp NOT NULL DEFAULT '0000-00-00 00:00:00',
  PRIMARY KEY (`id`)
) ENGINE=InnoDB AUTO_INCREMENT=51 DEFAULT CHARSET=latin1;

/*Data for the table `ruangan` */

insert  into `ruangan`(`id`,`nama`,`kelas`,`bangsal_id`,`created_at`,`updated_at`) values 
(1,'Ruang 1','1',1,'2018-02-19 09:56:26','0000-00-00 00:00:00'),
(2,'Ruang 2','1',1,'2018-02-19 09:56:33','0000-00-00 00:00:00'),
(3,'Ruang 3','1',1,'2018-02-19 09:56:37','0000-00-00 00:00:00'),
(4,'Ruang 4','1',1,'2018-02-19 09:56:42','0000-00-00 00:00:00'),
(5,'Ruang 5','1',1,'2018-02-19 09:56:46','0000-00-00 00:00:00'),
(6,'Ruang 1','1',2,'2018-02-19 14:08:37','0000-00-00 00:00:00'),
(7,'Ruang 2','2',2,'2018-02-19 14:08:38','0000-00-00 00:00:00'),
(8,'Ruang 3','2',2,'2018-02-19 09:57:05','0000-00-00 00:00:00'),
(9,'Ruang 4','2',2,'2018-02-19 09:57:07','0000-00-00 00:00:00'),
(10,'Ruang 5','2',2,'2018-02-19 09:57:10','0000-00-00 00:00:00'),
(11,'Ruang 1','1',3,'2018-02-19 09:58:17','0000-00-00 00:00:00'),
(12,'Ruang 2','1',3,'2018-02-19 09:58:28','0000-00-00 00:00:00'),
(13,'Ruang 3','1',3,'2018-02-19 09:58:32','0000-00-00 00:00:00'),
(14,'Ruang 4','1',3,'2018-02-19 09:58:35','0000-00-00 00:00:00'),
(15,'Ruang 5','1',3,'2018-02-19 09:58:38','0000-00-00 00:00:00'),
(16,'Ruang 1','1',4,'2018-02-19 10:06:22','2018-02-19 10:06:22'),
(17,'Ruang 2','1',4,'2018-02-19 10:06:23','2018-02-19 10:06:23'),
(18,'Ruang 3','1',4,'2018-02-19 10:06:23','2018-02-19 10:06:23'),
(19,'Ruang 4','1',4,'2018-02-19 10:06:23','2018-02-19 10:06:23'),
(20,'Ruang 5','1',4,'2018-02-19 10:06:23','2018-02-19 10:06:23'),
(21,'Ruang 1','2',5,'2018-02-19 10:06:23','2018-02-19 10:06:23'),
(22,'Ruang 2','2',5,'2018-02-19 10:06:23','2018-02-19 10:06:23'),
(23,'Ruang 3','2',5,'2018-02-19 10:06:23','2018-02-19 10:06:23'),
(24,'Ruang 4','2',5,'2018-02-19 10:06:23','2018-02-19 10:06:23'),
(25,'Ruang 5','2',5,'2018-02-19 10:06:23','2018-02-19 10:06:23'),
(26,'Ruang 1','1',6,'2018-02-19 10:06:23','2018-02-19 10:06:23'),
(27,'Ruang 2','1',6,'2018-02-19 10:06:23','2018-02-19 10:06:23'),
(28,'Ruang 3','1',6,'2018-02-19 10:06:23','2018-02-19 10:06:23'),
(29,'Ruang 4','1',6,'2018-02-19 10:06:23','2018-02-19 10:06:23'),
(30,'Ruang 5','1',6,'2018-02-19 10:06:23','2018-02-19 10:06:23'),
(31,'Ruang 1','2',7,'2018-02-19 10:06:23','2018-02-19 10:06:23'),
(32,'Ruang 2','2',7,'2018-02-19 10:06:23','2018-02-19 10:06:23'),
(33,'Ruang 3','2',7,'2018-02-19 10:06:24','2018-02-19 10:06:24'),
(34,'Ruang 4','2',7,'2018-02-19 10:06:24','2018-02-19 10:06:24'),
(35,'Ruang 5','2',7,'2018-02-19 10:06:24','2018-02-19 10:06:24'),
(36,'Ruang 1','1',8,'2018-02-19 10:06:24','2018-02-19 10:06:24'),
(37,'Ruang 2','1',8,'2018-02-19 10:06:24','2018-02-19 10:06:24'),
(38,'Ruang 3','1',8,'2018-02-19 10:06:24','2018-02-19 10:06:24'),
(39,'Ruang 4','1',8,'2018-02-19 10:06:24','2018-02-19 10:06:24'),
(40,'Ruang 5','1',8,'2018-02-19 10:06:24','2018-02-19 10:06:24'),
(41,'Ruang 1','vip',9,'2018-02-19 10:30:57','2018-02-19 10:06:24'),
(42,'Ruang 2','vip',9,'2018-02-19 10:30:55','2018-02-19 10:06:24'),
(43,'Ruang 3','vip',9,'2018-02-19 10:30:53','2018-02-19 10:06:25'),
(44,'Ruang 4','vip',9,'2018-02-19 10:30:52','2018-02-19 10:06:25'),
(45,'Ruang 5','vip',9,'2018-02-19 10:30:49','2018-02-19 10:06:25'),
(46,'Ruang 1','vip',10,'2018-02-19 10:06:42','2018-02-19 10:06:25'),
(47,'Ruang 2','vip',10,'2018-02-19 10:06:43','2018-02-19 10:06:25'),
(48,'Ruang 3','vip',10,'2018-02-19 10:06:44','2018-02-19 10:06:25'),
(49,'Ruang 4','vip',10,'2018-02-19 10:06:45','2018-02-19 10:06:25'),
(50,'Ruang 5','vip',10,'2018-02-19 10:06:46','2018-02-19 10:06:25');

/*Table structure for table `tempat_tidur` */

DROP TABLE IF EXISTS `tempat_tidur`;

CREATE TABLE `tempat_tidur` (
  `id` int(11) NOT NULL AUTO_INCREMENT,
  `nama` varchar(24) DEFAULT NULL,
  `ruangan_id` int(11) DEFAULT NULL,
  `desc` varchar(24) DEFAULT NULL,
  `created_at` timestamp NOT NULL DEFAULT CURRENT_TIMESTAMP ON UPDATE CURRENT_TIMESTAMP,
  `updated_at` timestamp NOT NULL DEFAULT '0000-00-00 00:00:00',
  `transaksi_id` int(11) DEFAULT NULL,
  PRIMARY KEY (`id`)
) ENGINE=InnoDB AUTO_INCREMENT=136 DEFAULT CHARSET=latin1;

/*Data for the table `tempat_tidur` */

insert  into `tempat_tidur`(`id`,`nama`,`ruangan_id`,`desc`,`created_at`,`updated_at`,`transaksi_id`) values 
(1,'Bed 1',1,NULL,'2018-02-19 22:02:21','2018-02-19 22:02:21',1),
(2,'Bed 2',1,NULL,'2018-02-19 10:09:44','2018-02-19 10:09:44',NULL),
(3,'Bed 1',2,NULL,'2018-02-19 10:09:44','2018-02-19 10:09:44',NULL),
(4,'Bed 2',2,NULL,'2018-02-19 10:09:44','2018-02-19 10:09:44',NULL),
(5,'Bed 1',3,NULL,'2018-02-19 10:09:44','2018-02-19 10:09:44',NULL),
(6,'Bed 2',3,NULL,'2018-02-19 10:09:45','2018-02-19 10:09:45',NULL),
(7,'Bed 1',4,NULL,'2018-02-19 10:09:45','2018-02-19 10:09:45',NULL),
(8,'Bed 2',4,NULL,'2018-02-19 10:09:45','2018-02-19 10:09:45',NULL),
(9,'Bed 1',5,NULL,'2018-02-19 10:09:45','2018-02-19 10:09:45',NULL),
(10,'Bed 2',5,NULL,'2018-02-19 21:57:45','2018-02-19 10:09:45',NULL),
(11,'Bed 1',6,NULL,'2018-02-19 10:09:45','2018-02-19 10:09:45',NULL),
(12,'Bed 2',6,NULL,'2018-02-19 10:09:45','2018-02-19 10:09:45',NULL),
(15,'Bed 1',7,NULL,'2018-02-19 10:09:45','2018-02-19 10:09:45',NULL),
(16,'Bed 2',7,NULL,'2018-02-19 10:09:45','2018-02-19 10:09:45',NULL),
(17,'Bed 3',7,NULL,'2018-02-19 10:09:45','2018-02-19 10:09:45',NULL),
(18,'Bed 4',7,NULL,'2018-02-19 10:09:45','2018-02-19 10:09:45',NULL),
(19,'Bed 1',8,NULL,'2018-02-19 10:09:45','2018-02-19 10:09:45',NULL),
(20,'Bed 2',8,NULL,'2018-02-19 10:09:45','2018-02-19 10:09:45',NULL),
(21,'Bed 3',8,NULL,'2018-02-19 10:09:45','2018-02-19 10:09:45',NULL),
(22,'Bed 4',8,NULL,'2018-02-19 10:09:46','2018-02-19 10:09:46',NULL),
(23,'Bed 1',9,NULL,'2018-02-19 10:09:46','2018-02-19 10:09:46',NULL),
(24,'Bed 2',9,NULL,'2018-02-19 10:09:46','2018-02-19 10:09:46',NULL),
(25,'Bed 3',9,NULL,'2018-02-19 10:09:46','2018-02-19 10:09:46',NULL),
(26,'Bed 4',9,NULL,'2018-02-19 10:09:46','2018-02-19 10:09:46',NULL),
(27,'Bed 1',10,NULL,'2018-02-19 10:09:46','2018-02-19 10:09:46',NULL),
(28,'Bed 2',10,NULL,'2018-02-19 10:09:46','2018-02-19 10:09:46',NULL),
(29,'Bed 3',10,NULL,'2018-02-19 10:09:46','2018-02-19 10:09:46',NULL),
(30,'Bed 4',10,NULL,'2018-02-19 10:09:46','2018-02-19 10:09:46',NULL),
(31,'Bed 1',11,NULL,'2018-02-19 10:09:46','2018-02-19 10:09:46',NULL),
(32,'Bed 2',11,NULL,'2018-02-19 10:09:46','2018-02-19 10:09:46',NULL),
(33,'Bed 1',12,NULL,'2018-02-19 10:09:46','2018-02-19 10:09:46',NULL),
(34,'Bed 2',12,NULL,'2018-02-19 10:09:46','2018-02-19 10:09:46',NULL),
(35,'Bed 1',13,NULL,'2018-02-19 10:09:46','2018-02-19 10:09:46',NULL),
(36,'Bed 2',13,NULL,'2018-02-19 10:09:46','2018-02-19 10:09:46',NULL),
(37,'Bed 1',14,NULL,'2018-02-19 10:09:46','2018-02-19 10:09:46',NULL),
(38,'Bed 2',14,NULL,'2018-02-19 10:09:46','2018-02-19 10:09:46',NULL),
(39,'Bed 1',15,NULL,'2018-02-19 10:09:46','2018-02-19 10:09:46',NULL),
(40,'Bed 2',15,NULL,'2018-02-19 10:09:46','2018-02-19 10:09:46',NULL),
(41,'Bed 1',16,NULL,'2018-02-19 10:09:46','2018-02-19 10:09:46',NULL),
(42,'Bed 2',16,NULL,'2018-02-19 10:09:46','2018-02-19 10:09:46',NULL),
(43,'Bed 1',17,NULL,'2018-02-19 10:09:46','2018-02-19 10:09:46',NULL),
(44,'Bed 2',17,NULL,'2018-02-19 10:09:47','2018-02-19 10:09:47',NULL),
(45,'Bed 1',18,NULL,'2018-02-19 10:09:47','2018-02-19 10:09:47',NULL),
(46,'Bed 2',18,NULL,'2018-02-19 10:09:47','2018-02-19 10:09:47',NULL),
(47,'Bed 1',19,NULL,'2018-02-19 10:09:47','2018-02-19 10:09:47',NULL),
(48,'Bed 2',19,NULL,'2018-02-19 10:09:47','2018-02-19 10:09:47',NULL),
(49,'Bed 1',20,NULL,'2018-02-19 10:09:47','2018-02-19 10:09:47',NULL),
(50,'Bed 2',20,NULL,'2018-02-19 10:09:47','2018-02-19 10:09:47',NULL),
(51,'Bed 1',21,NULL,'2018-02-19 10:09:47','2018-02-19 10:09:47',NULL),
(52,'Bed 2',21,NULL,'2018-02-19 10:09:47','2018-02-19 10:09:47',NULL),
(53,'Bed 3',21,NULL,'2018-02-19 10:09:47','2018-02-19 10:09:47',NULL),
(54,'Bed 4',21,NULL,'2018-02-19 10:09:47','2018-02-19 10:09:47',NULL),
(55,'Bed 1',22,NULL,'2018-02-19 10:09:47','2018-02-19 10:09:47',NULL),
(56,'Bed 2',22,NULL,'2018-02-19 10:09:47','2018-02-19 10:09:47',NULL),
(57,'Bed 3',22,NULL,'2018-02-19 10:09:47','2018-02-19 10:09:47',NULL),
(58,'Bed 4',22,NULL,'2018-02-19 10:09:47','2018-02-19 10:09:47',NULL),
(59,'Bed 1',23,NULL,'2018-02-19 10:09:47','2018-02-19 10:09:47',NULL),
(60,'Bed 2',23,NULL,'2018-02-19 10:09:47','2018-02-19 10:09:47',NULL),
(61,'Bed 3',23,NULL,'2018-02-19 10:09:47','2018-02-19 10:09:47',NULL),
(62,'Bed 4',23,NULL,'2018-02-19 10:09:47','2018-02-19 10:09:47',NULL),
(63,'Bed 1',24,NULL,'2018-02-19 10:09:47','2018-02-19 10:09:47',NULL),
(64,'Bed 2',24,NULL,'2018-02-19 10:09:47','2018-02-19 10:09:47',NULL),
(65,'Bed 3',24,NULL,'2018-02-19 10:09:47','2018-02-19 10:09:47',NULL),
(66,'Bed 4',24,NULL,'2018-02-19 10:09:47','2018-02-19 10:09:47',NULL),
(67,'Bed 1',25,NULL,'2018-02-19 10:09:47','2018-02-19 10:09:47',NULL),
(68,'Bed 2',25,NULL,'2018-02-19 10:09:47','2018-02-19 10:09:47',NULL),
(69,'Bed 3',25,NULL,'2018-02-19 10:09:48','2018-02-19 10:09:48',NULL),
(70,'Bed 4',25,NULL,'2018-02-19 10:09:48','2018-02-19 10:09:48',NULL),
(71,'Bed 1',26,NULL,'2018-02-19 10:09:48','2018-02-19 10:09:48',NULL),
(72,'Bed 2',26,NULL,'2018-02-19 10:09:48','2018-02-19 10:09:48',NULL),
(73,'Bed 1',27,NULL,'2018-02-19 10:09:48','2018-02-19 10:09:48',NULL),
(74,'Bed 2',27,NULL,'2018-02-19 10:09:48','2018-02-19 10:09:48',NULL),
(75,'Bed 1',28,NULL,'2018-02-19 10:09:48','2018-02-19 10:09:48',NULL),
(76,'Bed 2',28,NULL,'2018-02-19 10:09:48','2018-02-19 10:09:48',NULL),
(77,'Bed 1',29,NULL,'2018-02-19 10:09:48','2018-02-19 10:09:48',NULL),
(78,'Bed 2',29,NULL,'2018-02-19 10:09:48','2018-02-19 10:09:48',NULL),
(79,'Bed 1',30,NULL,'2018-02-19 10:09:48','2018-02-19 10:09:48',NULL),
(80,'Bed 2',30,NULL,'2018-02-19 10:09:48','2018-02-19 10:09:48',NULL),
(81,'Bed 1',31,NULL,'2018-02-19 10:09:48','2018-02-19 10:09:48',NULL),
(82,'Bed 2',31,NULL,'2018-02-19 10:09:48','2018-02-19 10:09:48',NULL),
(83,'Bed 3',31,NULL,'2018-02-19 10:09:48','2018-02-19 10:09:48',NULL),
(84,'Bed 4',31,NULL,'2018-02-19 10:09:48','2018-02-19 10:09:48',NULL),
(85,'Bed 1',32,NULL,'2018-02-19 10:09:48','2018-02-19 10:09:48',NULL),
(86,'Bed 2',32,NULL,'2018-02-19 10:09:48','2018-02-19 10:09:48',NULL),
(87,'Bed 3',32,NULL,'2018-02-19 10:09:48','2018-02-19 10:09:48',NULL),
(88,'Bed 4',32,NULL,'2018-02-19 10:09:49','2018-02-19 10:09:49',NULL),
(89,'Bed 1',33,NULL,'2018-02-19 10:09:49','2018-02-19 10:09:49',NULL),
(90,'Bed 2',33,NULL,'2018-02-19 10:09:49','2018-02-19 10:09:49',NULL),
(91,'Bed 3',33,NULL,'2018-02-19 10:09:49','2018-02-19 10:09:49',NULL),
(92,'Bed 4',33,NULL,'2018-02-19 10:09:49','2018-02-19 10:09:49',NULL),
(93,'Bed 1',34,NULL,'2018-02-19 10:09:49','2018-02-19 10:09:49',NULL),
(94,'Bed 2',34,NULL,'2018-02-19 10:09:49','2018-02-19 10:09:49',NULL),
(95,'Bed 3',34,NULL,'2018-02-19 10:09:49','2018-02-19 10:09:49',NULL),
(96,'Bed 4',34,NULL,'2018-02-19 10:09:49','2018-02-19 10:09:49',NULL),
(97,'Bed 1',35,NULL,'2018-02-19 10:09:49','2018-02-19 10:09:49',NULL),
(98,'Bed 2',35,NULL,'2018-02-19 10:09:49','2018-02-19 10:09:49',NULL),
(99,'Bed 3',35,NULL,'2018-02-19 10:09:49','2018-02-19 10:09:49',NULL),
(100,'Bed 4',35,NULL,'2018-02-19 10:09:49','2018-02-19 10:09:49',NULL),
(101,'Bed 1',36,NULL,'2018-02-19 10:09:49','2018-02-19 10:09:49',NULL),
(102,'Bed 2',36,NULL,'2018-02-19 10:09:49','2018-02-19 10:09:49',NULL),
(103,'Bed 1',37,NULL,'2018-02-19 10:09:49','2018-02-19 10:09:49',NULL),
(104,'Bed 2',37,NULL,'2018-02-19 10:09:49','2018-02-19 10:09:49',NULL),
(105,'Bed 1',38,NULL,'2018-02-19 10:09:49','2018-02-19 10:09:49',NULL),
(106,'Bed 2',38,NULL,'2018-02-19 10:09:49','2018-02-19 10:09:49',NULL),
(107,'Bed 1',39,NULL,'2018-02-19 10:09:49','2018-02-19 10:09:49',NULL),
(108,'Bed 2',39,NULL,'2018-02-19 10:09:49','2018-02-19 10:09:49',NULL),
(109,'Bed 1',40,NULL,'2018-02-19 10:09:49','2018-02-19 10:09:49',NULL),
(110,'Bed 2',40,NULL,'2018-02-19 10:09:49','2018-02-19 10:09:49',NULL),
(111,'Bed 1',41,NULL,'2018-02-19 10:09:49','2018-02-19 10:09:49',NULL),
(115,'Bed 1',42,NULL,'2018-02-19 10:09:49','2018-02-19 10:09:49',NULL),
(119,'Bed 1',43,NULL,'2018-02-19 10:09:49','2018-02-19 10:09:49',NULL),
(123,'Bed 1',44,NULL,'2018-02-19 21:57:32','2018-02-19 10:09:50',2),
(127,'Bed 1',45,NULL,'2018-02-19 10:09:50','2018-02-19 10:09:50',NULL),
(131,'Bed 1',46,NULL,'2018-02-19 10:09:50','2018-02-19 10:09:50',NULL),
(132,'Bed 1',47,NULL,'2018-02-19 10:09:50','2018-02-19 10:09:50',NULL),
(133,'Bed 1',48,NULL,'2018-02-19 10:09:50','2018-02-19 10:09:50',NULL),
(134,'Bed 1',49,NULL,'2018-02-19 10:09:50','2018-02-19 10:09:50',NULL),
(135,'Bed 1',50,NULL,'2018-02-19 10:09:50','2018-02-19 10:09:50',NULL);

/*Table structure for table `transaksi` */

DROP TABLE IF EXISTS `transaksi`;

CREATE TABLE `transaksi` (
  `id` int(11) NOT NULL AUTO_INCREMENT,
  `tempat_tidur_id` int(11) DEFAULT NULL,
  `pasien_id` int(11) DEFAULT NULL,
  `transaksi_global_id` int(11) DEFAULT NULL,
  `kasus_id` int(11) DEFAULT NULL,
  `created_at` timestamp NOT NULL DEFAULT CURRENT_TIMESTAMP ON UPDATE CURRENT_TIMESTAMP,
  `updated_at` timestamp NOT NULL DEFAULT '0000-00-00 00:00:00',
  `deleted_at` timestamp NOT NULL DEFAULT '0000-00-00 00:00:00',
  `created_by` int(11) DEFAULT NULL,
  `masuk_rs_at` timestamp NOT NULL DEFAULT '0000-00-00 00:00:00',
  `keluar_rs_at` timestamp NOT NULL DEFAULT '0000-00-00 00:00:00',
  `status` int(2) DEFAULT NULL COMMENT '0 = antri kamar, 1 = sudah di kamar, 2 = akan keluar, 3 = keluar',
  PRIMARY KEY (`id`)
) ENGINE=InnoDB AUTO_INCREMENT=3 DEFAULT CHARSET=latin1;

/*Data for the table `transaksi` */

insert  into `transaksi`(`id`,`tempat_tidur_id`,`pasien_id`,`transaksi_global_id`,`kasus_id`,`created_at`,`updated_at`,`deleted_at`,`created_by`,`masuk_rs_at`,`keluar_rs_at`,`status`) values 
(1,1,2129,NULL,489,'2018-02-19 22:02:21','2018-02-19 22:02:21','0000-00-00 00:00:00',NULL,'0000-00-00 00:00:00','0000-00-00 00:00:00',1),
(2,123,2114,NULL,0,'2018-02-19 21:57:10','2018-02-19 16:43:28','0000-00-00 00:00:00',NULL,'0000-00-00 00:00:00','0000-00-00 00:00:00',1);

/*!40101 SET SQL_MODE=@OLD_SQL_MODE */;
/*!40014 SET FOREIGN_KEY_CHECKS=@OLD_FOREIGN_KEY_CHECKS */;
/*!40014 SET UNIQUE_CHECKS=@OLD_UNIQUE_CHECKS */;
/*!40111 SET SQL_NOTES=@OLD_SQL_NOTES */;
