/*
SQLyog Community v12.3.3 (64 bit)
MySQL - 5.7.22-0ubuntu0.16.04.1 : Database - medify_hospital_rawat_inap
*********************************************************************
*/

/*!40101 SET NAMES utf8 */;

/*!40101 SET SQL_MODE=''*/;

/*!40014 SET @OLD_UNIQUE_CHECKS=@@UNIQUE_CHECKS, UNIQUE_CHECKS=0 */;
/*!40014 SET @OLD_FOREIGN_KEY_CHECKS=@@FOREIGN_KEY_CHECKS, FOREIGN_KEY_CHECKS=0 */;
/*!40101 SET @OLD_SQL_MODE=@@SQL_MODE, SQL_MODE='NO_AUTO_VALUE_ON_ZERO' */;
/*!40111 SET @OLD_SQL_NOTES=@@SQL_NOTES, SQL_NOTES=0 */;
CREATE DATABASE /*!32312 IF NOT EXISTS*/`medify_hospital_rawat_inap` /*!40100 DEFAULT CHARACTER SET latin1 */;

USE `medify_hospital_rawat_inap`;

/*Table structure for table `bangsal` */

DROP TABLE IF EXISTS `bangsal`;

CREATE TABLE `bangsal` (
  `id` int(11) NOT NULL AUTO_INCREMENT,
  `nama` varchar(256) DEFAULT NULL,
  `created_at` timestamp NOT NULL DEFAULT CURRENT_TIMESTAMP ON UPDATE CURRENT_TIMESTAMP,
  `updated_at` timestamp NOT NULL DEFAULT '0000-00-00 00:00:00',
  PRIMARY KEY (`id`)
) ENGINE=InnoDB AUTO_INCREMENT=14 DEFAULT CHARSET=latin1;

/*Data for the table `bangsal` */

insert  into `bangsal`(`id`,`nama`,`created_at`,`updated_at`) values 
(1,'A1','2018-05-02 19:10:09','2018-05-03 02:07:53'),
(2,'A2','2018-02-19 02:55:05','0000-00-00 00:00:00'),
(3,'B1','2018-02-19 02:55:07','0000-00-00 00:00:00'),
(4,'B2','2018-02-19 02:55:09','0000-00-00 00:00:00'),
(5,'C1','2018-02-19 02:55:12','0000-00-00 00:00:00'),
(6,'C2','2018-02-19 02:55:13','0000-00-00 00:00:00'),
(7,'D1','2018-02-19 02:55:15','0000-00-00 00:00:00'),
(8,'D2','2018-02-19 02:55:16','0000-00-00 00:00:00'),
(9,'Pav 1','2018-02-19 03:29:13','0000-00-00 00:00:00'),
(10,'Pav 2','2018-02-19 03:29:15','0000-00-00 00:00:00'),
(11,'Pav 3','2018-04-30 16:23:54','2018-04-30 16:23:54');

/*Table structure for table `permintaan` */

DROP TABLE IF EXISTS `permintaan`;

CREATE TABLE `permintaan` (
  `id` int(11) NOT NULL AUTO_INCREMENT,
  `tempat_tidur_id` int(11) DEFAULT NULL,
  `pasien_id` int(11) DEFAULT NULL,
  `transaksi_masuk_id` int(11) DEFAULT NULL,
  `kasus_id` int(11) DEFAULT NULL,
  `created_at` timestamp NOT NULL DEFAULT CURRENT_TIMESTAMP,
  `updated_at` timestamp NULL DEFAULT CURRENT_TIMESTAMP ON UPDATE CURRENT_TIMESTAMP,
  `created_by` int(11) DEFAULT NULL,
  `status` int(2) DEFAULT NULL COMMENT '0 = antri kamar, 1 = sudah di kamar, 2 = akan keluar, 3 = keluar',
  PRIMARY KEY (`id`)
) ENGINE=InnoDB DEFAULT CHARSET=latin1;

/*Data for the table `permintaan` */

/*Table structure for table `ruangan` */

DROP TABLE IF EXISTS `ruangan`;

CREATE TABLE `ruangan` (
  `id` int(11) NOT NULL AUTO_INCREMENT,
  `nama` varchar(24) DEFAULT NULL,
  `kelas` varchar(8) DEFAULT NULL,
  `bangsal_id` int(11) DEFAULT NULL,
  `created_at` timestamp NOT NULL DEFAULT CURRENT_TIMESTAMP ON UPDATE CURRENT_TIMESTAMP,
  `updated_at` timestamp NOT NULL DEFAULT '0000-00-00 00:00:00',
  PRIMARY KEY (`id`)
) ENGINE=InnoDB AUTO_INCREMENT=54 DEFAULT CHARSET=latin1;

/*Data for the table `ruangan` */

insert  into `ruangan`(`id`,`nama`,`kelas`,`bangsal_id`,`created_at`,`updated_at`) values 
(1,'Ruang 1','1',1,'2018-05-02 18:47:43','2018-05-03 01:45:27'),
(2,'Ruang 2','1',1,'2018-02-19 02:56:33','0000-00-00 00:00:00'),
(3,'Ruang 3','1',1,'2018-02-19 02:56:37','0000-00-00 00:00:00'),
(4,'Ruang 4','1',1,'2018-02-19 02:56:42','0000-00-00 00:00:00'),
(5,'Ruang 5','1',1,'2018-02-19 02:56:46','0000-00-00 00:00:00'),
(6,'Ruang 1','1',2,'2018-02-19 07:08:37','0000-00-00 00:00:00'),
(7,'Ruang 2','2',2,'2018-02-19 07:08:38','0000-00-00 00:00:00'),
(8,'Ruang 3','2',2,'2018-02-19 02:57:05','0000-00-00 00:00:00'),
(9,'Ruang 4','2',2,'2018-02-19 02:57:07','0000-00-00 00:00:00'),
(10,'Ruang 5','2',2,'2018-02-19 02:57:10','0000-00-00 00:00:00'),
(11,'Ruang 1','1',3,'2018-02-19 02:58:17','0000-00-00 00:00:00'),
(12,'Ruang 2','1',3,'2018-02-19 02:58:28','0000-00-00 00:00:00'),
(13,'Ruang 3','1',3,'2018-02-19 02:58:32','0000-00-00 00:00:00'),
(14,'Ruang 4','1',3,'2018-02-19 02:58:35','0000-00-00 00:00:00'),
(15,'Ruang 5','1',3,'2018-02-19 02:58:38','0000-00-00 00:00:00'),
(16,'Ruang 1','1',4,'2018-02-19 03:06:22','2018-02-19 03:06:22'),
(17,'Ruang 2','1',4,'2018-02-19 03:06:23','2018-02-19 03:06:23'),
(18,'Ruang 3','1',4,'2018-02-19 03:06:23','2018-02-19 03:06:23'),
(19,'Ruang 4','1',4,'2018-02-19 03:06:23','2018-02-19 03:06:23'),
(20,'Ruang 5','1',4,'2018-02-19 03:06:23','2018-02-19 03:06:23'),
(21,'Ruang 1','2',5,'2018-02-19 03:06:23','2018-02-19 03:06:23'),
(22,'Ruang 2','2',5,'2018-02-19 03:06:23','2018-02-19 03:06:23'),
(23,'Ruang 3','2',5,'2018-02-19 03:06:23','2018-02-19 03:06:23'),
(24,'Ruang 4','2',5,'2018-02-19 03:06:23','2018-02-19 03:06:23'),
(25,'Ruang 5','2',5,'2018-02-19 03:06:23','2018-02-19 03:06:23'),
(26,'Ruang 1','1',6,'2018-02-19 03:06:23','2018-02-19 03:06:23'),
(27,'Ruang 2','1',6,'2018-02-19 03:06:23','2018-02-19 03:06:23'),
(28,'Ruang 3','1',6,'2018-02-19 03:06:23','2018-02-19 03:06:23'),
(29,'Ruang 4','1',6,'2018-02-19 03:06:23','2018-02-19 03:06:23'),
(30,'Ruang 5','1',6,'2018-02-19 03:06:23','2018-02-19 03:06:23'),
(31,'Ruang 1','2',7,'2018-02-19 03:06:23','2018-02-19 03:06:23'),
(32,'Ruang 2','2',7,'2018-02-19 03:06:23','2018-02-19 03:06:23'),
(33,'Ruang 3','2',7,'2018-02-19 03:06:24','2018-02-19 03:06:24'),
(34,'Ruang 4','2',7,'2018-02-19 03:06:24','2018-02-19 03:06:24'),
(35,'Ruang 5','2',7,'2018-02-19 03:06:24','2018-02-19 03:06:24'),
(36,'Ruang 1','1',8,'2018-02-19 03:06:24','2018-02-19 03:06:24'),
(37,'Ruang 2','1',8,'2018-02-19 03:06:24','2018-02-19 03:06:24'),
(38,'Ruang 3','1',8,'2018-02-19 03:06:24','2018-02-19 03:06:24'),
(39,'Ruang 4','1',8,'2018-02-19 03:06:24','2018-02-19 03:06:24'),
(40,'Ruang 5','1',8,'2018-02-19 03:06:24','2018-02-19 03:06:24'),
(41,'Ruang 1','vip',9,'2018-02-19 03:30:57','2018-02-19 03:06:24'),
(42,'Ruang 2','vip',9,'2018-02-19 03:30:55','2018-02-19 03:06:24'),
(43,'Ruang 3','vip',9,'2018-02-19 03:30:53','2018-02-19 03:06:25'),
(44,'Ruang 4','vip',9,'2018-02-19 03:30:52','2018-02-19 03:06:25'),
(45,'Ruang 5','vip',9,'2018-02-19 03:30:49','2018-02-19 03:06:25'),
(46,'Ruang 1','vip',10,'2018-02-19 03:06:42','2018-02-19 03:06:25'),
(47,'Ruang 2','vip',10,'2018-02-19 03:06:43','2018-02-19 03:06:25'),
(48,'Ruang 3','vip',10,'2018-02-19 03:06:44','2018-02-19 03:06:25'),
(49,'Ruang 4','vip',10,'2018-02-19 03:06:45','2018-02-19 03:06:25'),
(50,'Ruang 5','vip',10,'2018-02-19 03:06:46','2018-02-19 03:06:25'),
(51,'Ruang 6','1',1,'2018-05-03 00:12:57','2018-05-03 00:12:57'),
(52,'Ruang 1','vvip',11,'2018-05-03 00:13:47','2018-05-03 00:13:47');

/*Table structure for table `tempat_tidur` */

DROP TABLE IF EXISTS `tempat_tidur`;

CREATE TABLE `tempat_tidur` (
  `id` int(11) NOT NULL AUTO_INCREMENT,
  `nama` varchar(24) DEFAULT NULL,
  `ruangan_id` int(11) DEFAULT NULL,
  `desc` varchar(24) DEFAULT NULL,
  `created_at` timestamp NOT NULL DEFAULT CURRENT_TIMESTAMP ON UPDATE CURRENT_TIMESTAMP,
  `updated_at` timestamp NULL DEFAULT NULL,
  `transaksi_id` int(11) DEFAULT NULL,
  `deleted_at` timestamp NULL DEFAULT NULL,
  PRIMARY KEY (`id`)
) ENGINE=InnoDB AUTO_INCREMENT=141 DEFAULT CHARSET=latin1;

/*Data for the table `tempat_tidur` */

insert  into `tempat_tidur`(`id`,`nama`,`ruangan_id`,`desc`,`created_at`,`updated_at`,`transaksi_id`,`deleted_at`) values 
(1,'Bed 1',1,NULL,'2018-03-07 23:44:36','2018-03-08 06:42:44',4,NULL),
(2,'Bed 2',1,NULL,'2018-03-08 01:31:27','2018-03-08 06:50:57',5,NULL),
(3,'Bed 1',2,NULL,'2018-05-09 04:23:33','2018-05-09 11:21:12',22,NULL),
(4,'Bed 2',2,NULL,'2018-03-08 02:23:57','2018-03-08 09:22:05',NULL,NULL),
(5,'Bed 1',3,NULL,'2018-03-07 13:06:12','2018-02-24 14:39:15',NULL,NULL),
(6,'Bed 2',3,NULL,'2018-03-07 13:06:12','2018-02-26 14:20:21',NULL,NULL),
(7,'Bed 1',4,NULL,'2018-03-07 13:06:12','2018-03-02 17:10:59',NULL,NULL),
(8,'Bed 2',4,NULL,'2018-03-07 15:18:22','2018-03-07 20:04:29',NULL,NULL),
(9,'Bed 1',5,NULL,'2018-02-26 11:05:30','2018-02-26 18:03:45',NULL,NULL),
(10,'Bed 2',5,NULL,'2018-02-19 14:57:45','2018-02-19 03:09:45',NULL,NULL),
(11,'Bed 1',6,NULL,'2018-04-29 01:18:48','2018-04-29 08:16:34',18,NULL),
(12,'Bed 2',6,NULL,'2018-03-08 01:31:57','2018-03-08 08:30:05',NULL,NULL),
(15,'Bed 1',7,NULL,'2018-02-19 03:09:45','2018-02-19 03:09:45',NULL,NULL),
(16,'Bed 2',7,NULL,'2018-02-19 03:09:45','2018-02-19 03:09:45',NULL,NULL),
(17,'Bed 3',7,NULL,'2018-02-19 03:09:45','2018-02-19 03:09:45',NULL,NULL),
(18,'Bed 4',7,NULL,'2018-02-19 03:09:45','2018-02-19 03:09:45',NULL,NULL),
(19,'Bed 1',8,NULL,'2018-02-26 11:05:30','2018-02-26 18:03:44',NULL,NULL),
(20,'Bed 2',8,NULL,'2018-02-19 03:09:45','2018-02-19 03:09:45',NULL,NULL),
(21,'Bed 3',8,NULL,'2018-02-19 03:09:45','2018-02-19 03:09:45',NULL,NULL),
(22,'Bed 4',8,NULL,'2018-02-19 03:09:46','2018-02-19 03:09:46',NULL,NULL),
(23,'Bed 1',9,NULL,'2018-02-19 03:09:46','2018-02-19 03:09:46',NULL,NULL),
(24,'Bed 2',9,NULL,'2018-02-19 03:09:46','2018-02-19 03:09:46',NULL,NULL),
(25,'Bed 3',9,NULL,'2018-02-19 03:09:46','2018-02-19 03:09:46',NULL,NULL),
(26,'Bed 4',9,NULL,'2018-02-19 03:09:46','2018-02-19 03:09:46',NULL,NULL),
(27,'Bed 1',10,NULL,'2018-02-19 03:09:46','2018-02-19 03:09:46',NULL,NULL),
(28,'Bed 2',10,NULL,'2018-02-19 03:09:46','2018-02-19 03:09:46',NULL,NULL),
(29,'Bed 3',10,NULL,'2018-02-19 03:09:46','2018-02-19 03:09:46',NULL,NULL),
(30,'Bed 4',10,NULL,'2018-02-19 03:09:46','2018-02-19 03:09:46',NULL,NULL),
(31,'Bed 1',11,NULL,'2018-02-27 09:12:55','2018-02-27 16:11:09',NULL,NULL),
(32,'Bed 2',11,NULL,'2018-02-19 03:09:46','2018-02-19 03:09:46',NULL,NULL),
(33,'Bed 1',12,NULL,'2018-05-18 04:08:48','2018-05-18 11:06:25',NULL,NULL),
(34,'Bed 2',12,NULL,'2018-02-19 03:09:46','2018-02-19 03:09:46',NULL,NULL),
(35,'Bed 1',13,NULL,'2018-02-19 03:09:46','2018-02-19 03:09:46',NULL,NULL),
(36,'Bed 2',13,NULL,'2018-02-19 03:09:46','2018-02-19 03:09:46',NULL,NULL),
(37,'Bed 1',14,NULL,'2018-02-19 03:09:46','2018-02-19 03:09:46',NULL,NULL),
(38,'Bed 2',14,NULL,'2018-02-19 03:09:46','2018-02-19 03:09:46',NULL,NULL),
(39,'Bed 1',15,NULL,'2018-02-19 03:09:46','2018-02-19 03:09:46',NULL,NULL),
(40,'Bed 2',15,NULL,'2018-02-19 03:09:46','2018-02-19 03:09:46',NULL,NULL),
(41,'Bed 1',16,NULL,'2018-02-26 14:22:04','2018-02-26 21:20:18',NULL,NULL),
(42,'Bed 2',16,NULL,'2018-02-19 03:09:46','2018-02-19 03:09:46',NULL,NULL),
(43,'Bed 1',17,NULL,'2018-02-19 03:09:46','2018-02-19 03:09:46',NULL,NULL),
(44,'Bed 2',17,NULL,'2018-02-19 03:09:47','2018-02-19 03:09:47',NULL,NULL),
(45,'Bed 1',18,NULL,'2018-04-29 01:08:08','2018-04-29 08:05:54',NULL,NULL),
(46,'Bed 2',18,NULL,'2018-02-19 03:09:47','2018-02-19 03:09:47',NULL,NULL),
(47,'Bed 1',19,NULL,'2018-02-19 03:09:47','2018-02-19 03:09:47',NULL,NULL),
(48,'Bed 2',19,NULL,'2018-02-19 03:09:47','2018-02-19 03:09:47',NULL,NULL),
(49,'Bed 1',20,NULL,'2018-02-19 03:09:47','2018-02-19 03:09:47',NULL,NULL),
(50,'Bed 2',20,NULL,'2018-02-19 03:09:47','2018-02-19 03:09:47',NULL,NULL),
(51,'Bed 1',21,NULL,'2018-02-27 13:32:46','2018-02-27 20:31:00',NULL,NULL),
(52,'Bed 2',21,NULL,'2018-02-19 03:09:47','2018-02-19 03:09:47',NULL,NULL),
(53,'Bed 3',21,NULL,'2018-02-19 03:09:47','2018-02-19 03:09:47',NULL,NULL),
(54,'Bed 4',21,NULL,'2018-02-28 02:08:43','2018-02-28 09:06:56',NULL,NULL),
(55,'Bed 1',22,NULL,'2018-02-19 03:09:47','2018-02-19 03:09:47',NULL,NULL),
(56,'Bed 2',22,NULL,'2018-02-19 03:09:47','2018-02-19 03:09:47',NULL,NULL),
(57,'Bed 3',22,NULL,'2018-02-19 03:09:47','2018-02-19 03:09:47',NULL,NULL),
(58,'Bed 4',22,NULL,'2018-02-19 03:09:47','2018-02-19 03:09:47',NULL,NULL),
(59,'Bed 1',23,NULL,'2018-02-19 03:09:47','2018-02-19 03:09:47',NULL,NULL),
(60,'Bed 2',23,NULL,'2018-02-19 03:09:47','2018-02-19 03:09:47',NULL,NULL),
(61,'Bed 3',23,NULL,'2018-02-19 03:09:47','2018-02-19 03:09:47',NULL,NULL),
(62,'Bed 4',23,NULL,'2018-02-19 03:09:47','2018-02-19 03:09:47',NULL,NULL),
(63,'Bed 1',24,NULL,'2018-02-19 03:09:47','2018-02-19 03:09:47',NULL,NULL),
(64,'Bed 2',24,NULL,'2018-02-19 03:09:47','2018-02-19 03:09:47',NULL,NULL),
(65,'Bed 3',24,NULL,'2018-02-19 03:09:47','2018-02-19 03:09:47',NULL,NULL),
(66,'Bed 4',24,NULL,'2018-02-19 03:09:47','2018-02-19 03:09:47',NULL,NULL),
(67,'Bed 1',25,NULL,'2018-02-19 03:09:47','2018-02-19 03:09:47',NULL,NULL),
(68,'Bed 2',25,NULL,'2018-02-19 03:09:47','2018-02-19 03:09:47',NULL,NULL),
(69,'Bed 3',25,NULL,'2018-02-19 03:09:48','2018-02-19 03:09:48',NULL,NULL),
(70,'Bed 4',25,NULL,'2018-02-19 03:09:48','2018-02-19 03:09:48',NULL,NULL),
(71,'Bed 1',26,NULL,'2018-02-19 03:09:48','2018-02-19 03:09:48',NULL,NULL),
(72,'Bed 2',26,NULL,'2018-02-19 03:09:48','2018-02-19 03:09:48',NULL,NULL),
(73,'Bed 1',27,NULL,'2018-02-19 03:09:48','2018-02-19 03:09:48',NULL,NULL),
(74,'Bed 2',27,NULL,'2018-02-19 03:09:48','2018-02-19 03:09:48',NULL,NULL),
(75,'Bed 1',28,NULL,'2018-02-19 03:09:48','2018-02-19 03:09:48',NULL,NULL),
(76,'Bed 2',28,NULL,'2018-02-19 03:09:48','2018-02-19 03:09:48',NULL,NULL),
(77,'Bed 1',29,NULL,'2018-02-19 03:09:48','2018-02-19 03:09:48',NULL,NULL),
(78,'Bed 2',29,NULL,'2018-02-19 03:09:48','2018-02-19 03:09:48',NULL,NULL),
(79,'Bed 1',30,NULL,'2018-02-19 03:09:48','2018-02-19 03:09:48',NULL,NULL),
(80,'Bed 2',30,NULL,'2018-02-19 03:09:48','2018-02-19 03:09:48',NULL,NULL),
(81,'Bed 1',31,NULL,'2018-05-02 18:22:24','2018-05-03 01:20:08',NULL,NULL),
(82,'Bed 2',31,NULL,'2018-05-02 18:22:34','2018-05-03 01:20:19',NULL,NULL),
(83,'Bed 3',31,NULL,'2018-02-19 03:09:48','2018-02-19 03:09:48',NULL,NULL),
(84,'Bed 4',31,NULL,'2018-02-19 03:09:48','2018-02-19 03:09:48',NULL,NULL),
(85,'Bed 1',32,NULL,'2018-02-19 03:09:48','2018-02-19 03:09:48',NULL,NULL),
(86,'Bed 2',32,NULL,'2018-02-19 03:09:48','2018-02-19 03:09:48',NULL,NULL),
(87,'Bed 3',32,NULL,'2018-02-19 03:09:48','2018-02-19 03:09:48',NULL,NULL),
(88,'Bed 4',32,NULL,'2018-02-19 03:09:49','2018-02-19 03:09:49',NULL,NULL),
(89,'Bed 1',33,NULL,'2018-02-19 03:09:49','2018-02-19 03:09:49',NULL,NULL),
(90,'Bed 2',33,NULL,'2018-02-19 03:09:49','2018-02-19 03:09:49',NULL,NULL),
(91,'Bed 3',33,NULL,'2018-02-19 03:09:49','2018-02-19 03:09:49',NULL,NULL),
(92,'Bed 4',33,NULL,'2018-02-19 03:09:49','2018-02-19 03:09:49',NULL,NULL),
(93,'Bed 1',34,NULL,'2018-02-19 03:09:49','2018-02-19 03:09:49',NULL,NULL),
(94,'Bed 2',34,NULL,'2018-02-19 03:09:49','2018-02-19 03:09:49',NULL,NULL),
(95,'Bed 3',34,NULL,'2018-02-19 03:09:49','2018-02-19 03:09:49',NULL,NULL),
(96,'Bed 4',34,NULL,'2018-02-19 03:09:49','2018-02-19 03:09:49',NULL,NULL),
(97,'Bed 1',35,NULL,'2018-02-19 03:09:49','2018-02-19 03:09:49',NULL,NULL),
(98,'Bed 2',35,NULL,'2018-02-19 03:09:49','2018-02-19 03:09:49',NULL,NULL),
(99,'Bed 3',35,NULL,'2018-02-19 03:09:49','2018-02-19 03:09:49',NULL,NULL),
(100,'Bed 4',35,NULL,'2018-02-19 03:09:49','2018-02-19 03:09:49',NULL,NULL),
(101,'Bed 1',36,NULL,'2018-02-19 03:09:49','2018-02-19 03:09:49',NULL,NULL),
(102,'Bed 2',36,NULL,'2018-02-19 03:09:49','2018-02-19 03:09:49',NULL,NULL),
(103,'Bed 1',37,NULL,'2018-02-19 03:09:49','2018-02-19 03:09:49',NULL,NULL),
(104,'Bed 2',37,NULL,'2018-02-19 03:09:49','2018-02-19 03:09:49',NULL,NULL),
(105,'Bed 1',38,NULL,'2018-02-19 03:09:49','2018-02-19 03:09:49',NULL,NULL),
(106,'Bed 2',38,NULL,'2018-02-19 03:09:49','2018-02-19 03:09:49',NULL,NULL),
(107,'Bed 1',39,NULL,'2018-02-19 03:09:49','2018-02-19 03:09:49',NULL,NULL),
(108,'Bed 2',39,NULL,'2018-02-19 03:09:49','2018-02-19 03:09:49',NULL,NULL),
(109,'Bed 1',40,NULL,'2018-02-19 03:09:49','2018-02-19 03:09:49',NULL,NULL),
(110,'Bed 2',40,NULL,'2018-02-19 03:09:49','2018-02-19 03:09:49',NULL,NULL),
(111,'Bed 1',41,NULL,'2018-02-26 13:57:28','2018-02-26 20:55:42',NULL,NULL),
(115,'Bed 1',42,NULL,'2018-02-19 03:09:49','2018-02-19 03:09:49',NULL,NULL),
(119,'Bed 1',43,NULL,'2018-02-19 03:09:49','2018-02-19 03:09:49',NULL,NULL),
(123,'Bed 1',44,NULL,'2018-02-20 23:49:23','2018-02-19 03:09:50',NULL,NULL),
(127,'Bed 1',45,NULL,'2018-02-19 03:09:50','2018-02-19 03:09:50',NULL,NULL),
(131,'Bed 1',46,NULL,'2018-04-29 01:19:23','2018-04-29 08:17:08',20,NULL),
(132,'Bed 1',47,NULL,'2018-02-19 03:09:50','2018-02-19 03:09:50',NULL,NULL),
(133,'Bed 1',48,NULL,'2018-02-19 03:09:50','2018-02-19 03:09:50',NULL,NULL),
(134,'Bed 1',49,NULL,'2018-02-19 03:09:50','2018-02-19 03:09:50',NULL,NULL),
(135,'Bed 1',50,NULL,'2018-02-19 03:09:50','2018-02-19 03:09:50',NULL,NULL),
(136,'Bed 5',31,NULL,'2018-05-02 18:17:34','2018-05-03 01:15:18',NULL,'2018-05-03 01:15:18'),
(137,'Bed 1',52,NULL,'2018-05-03 00:54:30','2018-05-03 00:54:30',NULL,NULL),
(138,'Bed 2',52,NULL,'2018-05-03 00:54:34','2018-05-03 00:54:34',NULL,NULL),
(139,'Bed 56',31,NULL,'2018-05-02 18:28:31','2018-05-03 01:26:15',NULL,'2018-05-03 01:26:15'),
(140,'Bed 1',51,NULL,'2018-05-03 01:45:52','2018-05-03 01:45:52',NULL,NULL);

/*Table structure for table `transaksi` */

DROP TABLE IF EXISTS `transaksi`;

CREATE TABLE `transaksi` (
  `id` int(11) NOT NULL AUTO_INCREMENT,
  `tempat_tidur_id` int(11) DEFAULT NULL,
  `pasien_id` int(11) DEFAULT NULL,
  `transaksi_masuk_detail_id` int(11) DEFAULT NULL,
  `kasus_id` int(11) DEFAULT NULL,
  `created_at` timestamp NOT NULL DEFAULT CURRENT_TIMESTAMP ON UPDATE CURRENT_TIMESTAMP,
  `updated_at` timestamp NOT NULL DEFAULT CURRENT_TIMESTAMP,
  `deleted_at` timestamp NULL DEFAULT NULL,
  `created_by` int(11) DEFAULT NULL,
  `masuk_rs_at` timestamp NULL DEFAULT NULL,
  `keluar_rs_at` timestamp NULL DEFAULT NULL,
  `status` int(2) DEFAULT NULL COMMENT '0 = antri kamar, 1 = sudah di kamar, 2 = akan keluar, 3 = keluar',
  `tolak_keterangan` varchar(200) DEFAULT NULL,
  PRIMARY KEY (`id`)
) ENGINE=InnoDB AUTO_INCREMENT=26 DEFAULT CHARSET=latin1;

/*Data for the table `transaksi` */

insert  into `transaksi`(`id`,`tempat_tidur_id`,`pasien_id`,`transaksi_masuk_detail_id`,`kasus_id`,`created_at`,`updated_at`,`deleted_at`,`created_by`,`masuk_rs_at`,`keluar_rs_at`,`status`,`tolak_keterangan`) values 
(4,1,2137,6,564,'2018-04-26 23:12:41','2018-03-08 06:45:15',NULL,9,'2018-03-08 06:45:15',NULL,1,NULL),
(5,2,2130,9,565,'2018-04-26 23:12:41','2018-03-08 06:50:57',NULL,9,'2018-03-08 06:50:57',NULL,1,NULL),
(6,3,2135,11,566,'2018-04-26 23:12:40','2018-03-08 07:03:46',NULL,9,'2018-03-08 07:03:46',NULL,1,NULL),
(7,3,2137,13,566,'2018-04-30 00:28:21','2018-04-29 08:13:52',NULL,9,'2018-04-29 08:13:52',NULL,1,''),
(9,12,2135,15,566,'2018-04-26 23:12:43','2018-03-08 08:26:46',NULL,1,'2018-03-08 08:26:46',NULL,1,NULL),
(10,3,2135,16,566,'2018-04-26 23:13:06','2018-03-08 08:30:03',NULL,20,'2018-03-08 08:30:03',NULL,1,NULL),
(11,3,2135,20,566,'2018-04-26 23:13:07','2018-03-08 09:20:39',NULL,10,'2018-03-08 09:20:39',NULL,1,NULL),
(12,4,2135,21,566,'2018-04-26 23:13:08','2018-03-08 09:21:07',NULL,10,'2018-03-08 09:21:07',NULL,1,NULL),
(13,11,2129,32,1,'2018-04-26 23:13:09','2018-03-09 15:53:45',NULL,10,'2018-03-09 15:53:45',NULL,1,NULL),
(15,NULL,2169,40,1,'2018-04-30 00:28:22','2018-04-27 07:35:21',NULL,0,NULL,NULL,-1,'Tolak'),
(16,NULL,2168,41,1,'2018-04-30 00:28:22','2018-04-27 07:35:30',NULL,0,NULL,NULL,-1,'Karena wanita'),
(17,33,2165,42,1,'2018-05-15 08:47:55','2018-05-15 15:45:32',NULL,0,'2018-05-15 15:45:32',NULL,1,NULL),
(18,11,2151,43,1,'2018-04-30 00:28:23','2018-04-29 08:16:34',NULL,0,'2018-04-29 08:16:34',NULL,1,NULL),
(19,45,2150,44,1,'2018-04-30 00:28:23','2018-04-29 08:05:52',NULL,0,'2018-04-29 08:05:52',NULL,1,NULL),
(20,131,2169,45,1,'2018-04-30 00:28:23','2018-04-29 08:17:08',NULL,0,'2018-04-29 08:17:08',NULL,1,NULL),
(21,131,2169,46,1,'2018-04-30 00:28:24','2018-04-29 08:05:04',NULL,0,'2018-04-29 08:05:04',NULL,1,NULL),
(22,3,2129,48,566,'2018-05-09 04:23:33','2018-05-09 11:21:12',NULL,9,'2018-05-09 11:21:12',NULL,1,NULL),
(23,NULL,2129,50,1,'2018-05-15 18:47:25','2018-05-15 18:47:25',NULL,9,NULL,NULL,0,NULL),
(24,NULL,2129,53,1,'2018-05-18 11:04:03','2018-05-18 11:04:03',NULL,9,NULL,NULL,0,NULL),
(25,NULL,2129,54,1,'2018-05-18 11:04:11','2018-05-18 11:04:11',NULL,9,NULL,NULL,0,NULL);

/*!40101 SET SQL_MODE=@OLD_SQL_MODE */;
/*!40014 SET FOREIGN_KEY_CHECKS=@OLD_FOREIGN_KEY_CHECKS */;
/*!40014 SET UNIQUE_CHECKS=@OLD_UNIQUE_CHECKS */;
/*!40111 SET SQL_NOTES=@OLD_SQL_NOTES */;
